{
  "project_info": {
    "project_number": "140362951563",
    "project_id": "credino-online-quiz",
    "storage_bucket": "credino-online-quiz.appspot.com"
  },
  "client": [
    {
      "client_info": {
        "mobilesdk_app_id": "1:140362951563:android:a5548870130f7b73291d8e",
        "android_client_info": {
          "package_name": "com.credino.quiz"
        }
      },
      "oauth_client": [
        {
          "client_id": "140362951563-4ipn1pql5nb8nvl433969uet528fl8ea.apps.googleusercontent.com",
          "client_type": 3
        }
      ],
      "api_key": [
        {
          "current_key": "AIzaSyD6CW3kewjUy8-00-mrqpOCWsYumYmbTx4"
        }
      ],
      "services": {
        "appinvite_service": {
          "other_platform_oauth_client": [
            {
              "client_id": "140362951563-4ipn1pql5nb8nvl433969uet528fl8ea.apps.googleusercontent.com",
              "client_type": 3
            }
          ]
        }
      }
    }
  ],
  "configuration_version": "1"
}